name,platform,followers,engagement_rate_pct,niche,profile_url,contact_email,content_themes,website,audience_age,audience_gender,audience_geography,channel_country,source,source_url,retrieved_at_utc,recent_video_count,engagement_sample_count,search_query,filter_status,filter_reason,personalization_method,email_pitch,instagram_dm
DietTube India,YouTube,1230000,0.86,Fitness,https://www.youtube.com/@diettubeindia,diettubeindia@gmail.com,Nutrition for Height Growth | Indian’s are getting shorter ? | Dt.Bhawesh | #dietitian #tall #shorts | Dr Shilpa Dumbest Response | Dt.Bhawesh | #diettubeindia #dietitian #roast #shorts | L-Carnitine Exposed | Misleading Claims | Dt.Bhawesh | #diettubeindia #dietitian #fatloss #shorts | How much Protein in a day ? | Dt.Bhawesh | #diettubeindia #dietitian #shorts | Is Rasna Safe ? | Foodpharmer Exposed | Dt.Bhawesh | #diettubeindia #dietitian #glucose #shorts,Not Found,Not Available,Not Available,India (search region; audience location not verified),IN,YouTube Data API v3,https://www.youtube.com/@diettubeindia,2026-09-30T23:13:37.400505+00:00,10,10,Indian fitness nutrition,Failed,"follower count outside 5,000-100,000 micro-influencer range",Not generated: failed filter,,
Indian Fitness Evolution,YouTube,19600,0.4,Fitness,https://www.youtube.com/@indianfitnessevolution,Not Found,"Get READY for MAXIMUM Gains with the Best Offseason Diet Plan | The Shocking Truth About Creatine Supplements | WHICH IS BETTER TO PREVENT GYNO AROMASIN OR ARIMIDEX OR LETROZOL | Most effective BACK & CHEST ACNE Treatment | PUSH PULL LEGS Workout Plan (2024) I Chest, Shoulders & Triceps",Not Found,Not Available,Not Available,India (search region; audience location not verified),IN,YouTube Data API v3,https://www.youtube.com/@indianfitnessevolution,2026-09-30T23:13:45.308811+00:00,10,10,Indian fitness coach,Passed,Passed all configured checks,Content-aware local fallback,"Hi there, your video on get ready for maximum gains with the best offseason diet plan stood out. We're planning a paid fitness partnership and think your practical approach could suit it well. We'd love to discuss a clearly disclosed short video, with creative control and a fee for your work. If you're interested, could you share your rates and availability? We can send a concise brief and product details before you decide. Thanks, Partnerships Team","Hi there, I liked your video on get ready for maximum. Would you be open to discussing a paid fitness collaboration?"
Rahul Jain- Business coaching India,YouTube,43300,0.09,Fitness,https://www.youtube.com/@rahuljainbusinesscoachingindia,Not Found,Arpit Swami II ASMP AUG'26 WEEK 7 II Testimonial II | Kaun Hain Woh 10 Log Jo Hamesha Tumhare Saath Hain? | Aluminium Die-Casting Manufacturer|From Day-to-Day Chaos To Business on Autopilot| BCI Success Story | Can You Feel That Your Wish Is Accomplished? | Hospitality Industry | From 2 Properties to 6 Properties In One Year | A BCI Success Story,Not Found,Not Available,Not Available,India (search region; audience location not verified),IN,YouTube Data API v3,https://www.youtube.com/@rahuljainbusinesscoachingindia,2026-09-30T23:13:57.942155+00:00,10,10,Indian running coach,Failed,content relevance: fewer than two recent public video titles clearly match fitness,Not generated: failed filter,,
RWA Physical Guru,YouTube,337000,0.06,Fitness,https://www.youtube.com/@officialrwaphysicalguru,Not Found,Air Force Phase 2 Physical Preparation | कैसे करे Physical की तैयारी? | Complete Information | RWA | MP Police Physical 2026 | Exam और Physical कब? | MP Police Physical Test Complete Details | RWA | Army Physical 2026 | Dhurandhar Batch Day-21 | Physical + Medical की पूरी तैयारी | By Physical Guru | Airforce Phase 2 की तैयारी शुरू करें आज से | Airforce Phase 2 New Batch Starting Soon #airforce #rwa | क्यों ख़ास है RWA Physical Guru Training? || Delhi Police Physical Review #rwa #sscgd #uppolice,Not Found,Not Available,Not Available,India (search region; audience location not verified),IN,YouTube Data API v3,https://www.youtube.com/@officialrwaphysicalguru,2026-09-30T23:13:54.642714+00:00,10,10,Indian running coach,Failed,"content relevance: fewer than two recent public video titles clearly match fitness; follower count outside 5,000-100,000 micro-influencer range",Not generated: failed filter,,
Sonal Kapoor | Female Fitness Coach,YouTube,19700,1.17,Fitness,https://www.youtube.com/@sonalkapoor,Not Found,"This is as important as nutrition and workout 🤝❤️ | Dreams chase krne me jo bhi hojaye, don’t stop🙂‍↔️ | Is creatine making you fat? (The truth) | I was bullied for my thin legs | 5 EFFECTIVE LEG and GLUTE EXERCISES | Quick Back workout for busy professionals 🤝💪🏻😊",Not Found,Not Available,Not Available,India (search region; audience location not verified),IN,YouTube Data API v3,https://www.youtube.com/@sonalkapoor,2026-09-30T23:13:43.613157+00:00,10,10,Indian home workout coach,Passed,Passed all configured checks,Content-aware local fallback,"Hi Sonal, I came across your channel and enjoyed the way you cover this is as important as nutrition and workout 🤝❤️. Your practical fitness content could resonate with people looking for approachable ways to stay active. We're planning a creator partnership for a fitness product and would love to explore a short, clearly disclosed video showing how it fits into your routine. We can offer a paid collaboration and give you creative control over the format. Would you be open to discussing a brief and rates? Best, Partnerships Team","Hi Sonal, I liked your video on this is as important. Would you be open to discussing a paid fitness collaboration?"
    Coach Mohit India,YouTube,1,100.0,Fitness,https://www.youtube.com/@fitwith_mohitkailey,Not Found,Husky,Not Found,Not Available,Not Available,India (search region; audience location not verified),Not Available,YouTube Data API v3,https://www.youtube.com/@fitwith_mohitkailey,2026-09-30T23:13:35.287665+00:00,1,1,Indian home workout coach,Failed,"content relevance: fewer than two recent public video titles clearly match fitness; follower count outside 5,000-100,000 micro-influencer range",Not generated: failed filter,,
Indian Fitness Coach ,YouTube,2,325.0,Fitness,https://www.youtube.com/@morningworkout6461,Not Found,CHATRAPATI SHIVAJI MAHARAJ #chattrapati #shivaji MAHARAJ #song | 11 April 2025,Not Found,Not Available,Not Available,India (search region; audience location not verified),Not Available,YouTube Data API v3,https://www.youtube.com/@morningworkout6461,2026-09-30T23:13:45.838259+00:00,2,2,Indian fitness coach,Failed,"content relevance: fewer than two recent public video titles clearly match fitness; follower count outside 5,000-100,000 micro-influencer range",Not generated: failed filter,,
Indian Yoga Association,YouTube,5240,0.07,Fitness,https://www.youtube.com/@indianyogaassociation,Not Found,"Manthan - Monthly Lecture Series 13 | IYA | Dr. Susheel K. Sharma | Dr. Anand Agarwal | IYA Podcast 2026 | Maa Dr. Hansaji Yogendra | President, IYA | Director The Yoga Institute | Dr. Ajay Kumar Shastri, Jawaharlal Nehru University |  SANGOSHTI 2026 | A Moment of Stillness at SANGOSHTI 2026 |Soulful flute melodies by Manik created a serene atmosphere | SANGOSHTI 2026 | 7th National Conclave of the IYA 12–13 September 2026 | 10:00 AM Onwards",Not Found,Not Available,Not Available,India (search region; audience location not verified),IN,YouTube Data API v3,https://www.youtube.com/@indianyogaassociation,2026-09-30T23:13:32.944548+00:00,10,10,Indian yoga instructor,Failed,"content relevance: fewer than two recent public video titles clearly match fitness; organization or institution channel, not an individual creator",Not generated: failed filter,,
Guru Mann Fitness,YouTube,2400000,0.07,Fitness,https://www.youtube.com/@gurumannfitness,Not Found,"New GM Nutrition ""CREATINE"" is here for Rs 299 | Cleanest Plant Protein, Made with 4 Ingredients | Rs 1259 | 4100+ Orders in 1 Day - PLANT PROTEIN!! | I Made ""PLANT PROTEIN"" With ONLY 4 Ingredients! 🌱  for Rs 1259 | FULL FORMULA REVEALED | PROJECT #2 - Every Indian Got a FREE Health Checkup on Their Birthday?",Not Found,Not Available,Not Available,India (search region; audience location not verified),US,YouTube Data API v3,https://www.youtube.com/@gurumannfitness,2026-09-30T23:13:40.531036+00:00,10,10,Indian fitness coach,Failed,"channel country is US, outside India focus; follower count outside 5,000-100,000 micro-influencer range",Not generated: failed filter,,
Indian Yoga Girl,YouTube,3700,0.08,Fitness,https://www.youtube.com/@indianyogagirl,Not Found,28 Min Yoga Nidra for Sleep Anxiety | Dreading Another Broken Night | 3 Min Guided Meditation for Grounding | You Don't Have To Hold Everything | 23 Min Yoga Nidra for 3 AM Wake-Ups | Fall Back Asleep Fast | 9 Min Yoga Nidra for Deep Rest | Guided NSDR Meditation to Recharge | 8 Min Guided Meditation After a Nightmare | Calm Anxiety & Fall Back Asleep,Not Found,Not Available,Not Available,India (search region; audience location not verified),US,YouTube Data API v3,https://www.youtube.com/@indianyogagirl,2026-09-30T23:14:16.373689+00:00,10,10,Indian yoga instructor,Failed,"channel country is US, outside India focus; follower count outside 5,000-100,000 micro-influencer range",Not generated: failed filter,,
Cardio Fit by India Fitness,YouTube,23800,0.25,Fitness,https://www.youtube.com/@indiafitnessbyluisana,Not Found,Abs workout 🏋️ #abs #abdomen #absworkout | Abdomen On fire 🔥🔥 🎯 #abs #absworkout #abdomen #wortkoutathome | Abdomen workout #abdomen #grasaabdominal #homeworkout | Entrenamiento en casa 🔥 3 sets de 12 rep de cada ejercicio #legs #glute #workoutathome | Cardio Fit by India Fitness está en vivo,Not Found,Not Available,Not Available,India (search region; audience location not verified),US,YouTube Data API v3,https://www.youtube.com/@indiafitnessbyluisana,2026-09-30T23:13:41.243154+00:00,10,10,Indian fitness coach,Failed,"channel country is US, outside India focus",Not generated: failed filter,,
Yoga With Kalpana,YouTube,9520,1.37,Fitness,https://www.youtube.com/@yogawithkalpana4291,Not Found,Morning yoga class||Arm strength and balancing yoga for beginners #yoga#practice #weightloss | Advanced yoga practice with yoga stick#yoga#practice #shorts #youtubeshorts #mahadev #shiv | Morning yoga class||fat burning yoga for beginners 🔥#yoga#practice #weightloss | Morning yoga class||Ashtanga yoga flow For weight loss #yoga#Practice#weightloss | Advanced yoga#yoga#practice #shorts#magic,Not Found,Not Available,Not Available,India (search region; audience location not verified),Not Available,YouTube Data API v3,https://www.youtube.com/@yogawithkalpana4291,2026-09-30T23:13:42.434972+00:00,10,10,Indian yoga instructor,Passed,Passed all configured checks,Content-aware local fallback,"Hi there, your video on morning yoga class||arm strength and balancing yoga for beginners #yoga#practice #weightloss stood out. We're planning a paid fitness partnership and think your practical approach could suit it well. We'd love to discuss a clearly disclosed short video, with creative control and a fee for your work. If you're interested, could you share your rates and availability? We can send a concise brief and product details before you decide. Thanks, Partnerships Team","Hi there, I liked your video on morning yoga class||arm strength. Would you be open to discussing a paid fitness collaboration?"
ACE Method Coaching,YouTube,19700,0.38,Fitness,https://www.youtube.com/@acemethodcoaching9102,Not Found,The Best Plant Step I've Ever Seen (Hurdle Analysis) | Why You’re Not Getting Faster Over the Hurdles | Quincy Wilson Running Hurdles Should Scare People | Why You Lose Your 3 Step Mid Race | Trying to Get Faster Between Hurdles? Fix This First,Not Found,Not Available,Not Available,India (search region; audience location not verified),US,YouTube Data API v3,https://www.youtube.com/@acemethodcoaching9102,2026-09-30T23:13:39.860113+00:00,10,10,Indian running coach,Failed,"content relevance: fewer than two recent public video titles clearly match fitness; channel country is US, outside India focus",Not generated: failed filter,,
coach deepak 365,YouTube,772,12.81,Fitness,https://www.youtube.com/@coachdeepak365,Not Found,delhi police physical clear✅|| coach deepak 365|| #delhipolice #trending #youtubeshorts #running | delhi police physical updates 👮|| police bharti|| coach deepak 365|| Mentor 365|💪 | delhi police physical review 19/09/26|| police bharti|| caoch deepak 365|| Mentor 365 | Delhi police physical updates 👮 #delhipolice #1600mtrruning #runningtips #runner | Delhi police physical updates 👮 #delhipolice #1600mtrruning #army #runningtips #motivation,Not Found,Not Available,Not Available,India (search region; audience location not verified),IN,YouTube Data API v3,https://www.youtube.com/@coachdeepak365,2026-09-30T23:14:17.359186+00:00,10,10,Indian running coach,Failed,"follower count outside 5,000-100,000 micro-influencer range",Not generated: failed filter,,
Rajesh | weight loss coach India,YouTube,34,12.94,Fitness,https://www.youtube.com/@coachrajeshfit,Not Found,jank food or weight loss #weightlossindia #motivation #fatburningsecrets #facts | sach mein aap healthy Ho #weightlossindia #facts #fatburningsecrets #weightloss #motivation | Gut Clean weight loss easy #weightlossindia #facts #fatburningsecrets #motivation #weightloss | 5 tips for weight loss #weightlossindia #fatburningsecrets #weightloss #facts | choose healthy food option #weightlossindia #fatburningsecrets #weightloss #loveyourgut #motivation,Not Found,Not Available,Not Available,India (search region; audience location not verified),Not Available,YouTube Data API v3,https://www.youtube.com/@coachrajeshfit,2026-09-30T23:13:56.594412+00:00,10,10,Indian home workout coach,Failed,"follower count outside 5,000-100,000 micro-influencer range",Not generated: failed filter,,
AYM Yoga School,YouTube,8700,0.07,Fitness,https://www.youtube.com/@aymindia1,Not Found,Why I chose AYM for my 200-hour Yoga TTC #yoga #yogateachertraining #yogajourney | Ready to Deepen Your Practice? #yogapractice #yogacourse #yogainspiration | Stepping outside the yoga hall and connecting with nature through mindful movement #yoga | 5 Yoga Asanas Every Woman Can Add to Her Practice  #aymyogaschool #yogajourney | Why flexibility isn't the goal in Janu Sirsasana #yogatruth #yogapose #yogafitness,https://www.indianyogaassociation.com,Not Available,Not Available,India (search region; audience location not verified),IN,YouTube Data API v3,https://www.youtube.com/@aymindia1,2026-09-30T23:13:53.312493+00:00,10,10,Indian yoga instructor,Failed,"organization or institution channel, not an individual creator",Not generated: failed filter,,
Indian Yoga Academy,YouTube,2470,0.28,Fitness,https://www.youtube.com/@indianyogaacademy,Not Found,Yoga #yoga #shorts #viral #short #trending #viralshorts #shortvideo #transformation #motivation #om | Indian Yoga Academy is live | yoga #yoga #shorts #viral #trending #viralshorts #shortvideo #transformation #motivation #fitness . | Indian Yoga Academy is live | yoga #yoga #shorts #viral #short #trending #viralshorts #shortvideo #transformation #motivation .,Not Found,Not Available,Not Available,India (search region; audience location not verified),IN,YouTube Data API v3,https://www.youtube.com/@indianyogaacademy,2026-09-30T23:13:30.995503+00:00,10,10,Indian yoga instructor,Failed,"follower count outside 5,000-100,000 micro-influencer range",Not generated: failed filter,,
Bull Fitness Nutrition,YouTube,4040,0.75,Fitness,https://www.youtube.com/@bullfitnessnutrition,Not Found,Near expiry biggest supplements sale🔥|Gym supplements sale |us supplements sale|muscle recovery sale | Big muscle karnage full stock🥳|Big muscle karnage reviews🔥|Best pre workout in budget|#sale#gym | Alpino high protein Ots full stock 🔥|best rice for retail and wholesale |gym supplements sale | Bolt bozyme gold whey protein reviews 🔥|Bolt whey protein reviews |us supplements |muscle recovery | Health farm max whey protein best price 🔥|Health farm max whey protein | us supplements |muscle ok,https://instagram.com/bullfitnessnutrition?igshid=bHgzdXhydjYyYXI=,Not Available,Not Available,India (search region; audience location not verified),IN,YouTube Data API v3,https://www.youtube.com/@bullfitnessnutrition,2026-09-30T23:13:52.130973+00:00,10,10,Indian fitness nutrition,Failed,"follower count outside 5,000-100,000 micro-influencer range",Not generated: failed filter,,
Indian Fitness & Wellness Diet,YouTube,17,152.94,Fitness,https://www.youtube.com/@indianfitnesswellnessdiet,Not Found,"Wait for end, also don’t forget to hit the follow button#indianfitness #weightloss #fatloss | Wait for end, also don’t forget to hit the follow button#indianfitness #weightloss #fatloss | Wait for end, also don’t forget to hit the follow button#indianfitness #weightloss #fatloss | Wait for end, also don’t forget to hit the follow button#indianfitness #weightloss #fatloss | Wait for end, also don’t forget to hit the follow button#indianfitness #weightloss #fatloss",Not Found,Not Available,Not Available,India (search region; audience location not verified),Not Available,YouTube Data API v3,https://www.youtube.com/@indianfitnesswellnessdiet,2026-09-30T23:13:50.967278+00:00,10,10,Indian fitness nutrition,Failed,"follower count outside 5,000-100,000 micro-influencer range",Not generated: failed filter,,
Manjeet Coach,YouTube,1250000,0.04,Fitness,https://www.youtube.com/@manjeet-coach,teammaanav@gmail.com,Join Sports Academy:-9812929240☎️📞 #ytshorts #army #motivation | Mehnat itni karo ki naam khud ban jaye. 🔥🏆.             #ytshorts #army | Track mera battlefield hai. ⚡🏃.               #ytshorts #army | हार मानना मेरी आदत नहीं। 💯.            #ytshorts #army | Run. Sweat. Repeat. 🔥.            #ytshorts #army,Not Found,Not Available,Not Available,India (search region; audience location not verified),IN,YouTube Data API v3,https://www.youtube.com/@manjeet-coach,2026-09-30T23:13:44.296560+00:00,10,10,Indian running coach,Failed,"content relevance: fewer than two recent public video titles clearly match fitness; follower count outside 5,000-100,000 micro-influencer range",Not generated: failed filter,,
Fitnesstalks with Pranit,YouTube,562000,0.04,Fitness,https://www.youtube.com/@fitnesstalks_with_pranit,Not Found,"Riding my DREAM BIKE | Ducati -  PANIGALE V4 | Boys Trip Chapter 5 @Puravjha_ @PuravWood @purav-jha | Bro HUMBLED ME !! 🙂💪🏻 | Boys Trip Chapter 4 | Ft. @GaryLuVlogs and @PuravJha 🫂❤️ | We Explored UBUD and did not expect this!! 🇮🇩 ❤️ | Boys Trip - Chapter 3 | | Entered the MOST LUXURIOUS gym in Bali 💯😍 ft. @PuravJha | 16,000 ₹ FINE in Air India Maharaja lounge?!? | Boys Trip with @Puravjha_  Chapter 1 | ✈️🫂😎",Not Found,Not Available,Not Available,India (search region; audience location not verified),IN,YouTube Data API v3,https://www.youtube.com/@fitnesstalks_with_pranit,2026-09-30T22:03:04.580593+00:00,10,10,Indian strength training coach,Failed,"content relevance: fewer than two recent public video titles clearly match fitness; follower count outside 5,000-100,000 micro-influencer range",Not generated: failed filter,,
SUDHAKAR INDIAN RUNNER ,YouTube,82300,0.47,Fitness,https://www.youtube.com/@sudhakarindianrunner7877,Not Found,అన్ని చూసుకుంటా పోవడమే ✊ | Joshsportswear Vijayawada 7075399747 | Police training available | RIP sir 🙏🥹 | Josh academy Vijayawada,https://instagram.com/Sudhakar,Not Available,Not Available,India (search region; audience location not verified),Not Available,YouTube Data API v3,https://www.youtube.com/@sudhakarindianrunner7877,2026-09-30T23:13:56.154582+00:00,10,9,Indian running coach,Failed,content relevance: fewer than two recent public video titles clearly match fitness,Not generated: failed filter,,
Rahul Modi | Peptide and Fitness Coach,YouTube,1100,0.86,Fitness,https://www.youtube.com/@rahulmodifit,Not Found,Eubank Wedding with perfect sunset #wedding #fitness #alexeubank #couple | These legends finally got married 🙏🏽 #alexeubank #wedding #couple #shelbysapp #fitness | Huge news in the wellness space #news #fitness #alexeubank | They keep censoring us #marvel #fitness #captanamerica #longevity #wellness | Keep your expectations real #bodybuilding #gym #muscle,Not Found,Not Available,Not Available,India (search region; audience location not verified),Not Available,YouTube Data API v3,https://www.youtube.com/@rahulmodifit,2026-09-30T23:13:36.818043+00:00,10,10,Indian fitness coach,Failed,"follower count outside 5,000-100,000 micro-influencer range",Not generated: failed filter,,
jackedaakash,YouTube,213000,0.99,Fitness,https://www.youtube.com/@jackedaakash,Not Found,"Consistency, Diet Plans & Painkillers Exposed on my RaFit Fire 🔥 39 | 🤣😭🤣 | Keval Daal Se Protein Intake pura kar rahe ho ⁉️ Here is the solution 🫰 | Why Every Lifter Needs Ancient Indian Training ? (Mudgar, Samtola & Hanuman Gada, Akhada) | Why Every Lifter Needs Ancient Indian Training ? (Mudgar, Samtola & Hanuman Gada, Akhada)",Not Found,Not Available,Not Available,India (search region; audience location not verified),IN,YouTube Data API v3,https://www.youtube.com/@jackedaakash,2026-09-30T23:13:36.327722+00:00,10,10,Indian home workout coach,Failed,"follower count outside 5,000-100,000 micro-influencer range",Not generated: failed filter,,
Happy coach🇮🇳,YouTube,2620,6.66,Fitness,https://www.youtube.com/@happycoach-b8d,Not Found,Open punjab & under-23 state meet vlog day-1 | Indian Final Series Delhi.                                         #delhi #athlete #100m #running | WHO WILL WIN THE TITLE🏃‍♂️🔥 #trackandfield #trybwearathletics #athletics #runkeeper #indoorrunning | Start drills #trackandfield #trybwearathletics #athletics #juniorathlete #punjabi #punjab #athlete | Top 5 speed Drills for sprinters🏃‍♂️🔥,Not Found,Not Available,Not Available,India (search region; audience location not verified),Not Available,YouTube Data API v3,https://www.youtube.com/@happycoach-b8d,2026-09-30T23:13:44.773234+00:00,10,10,Indian running coach,Failed,"follower count outside 5,000-100,000 micro-influencer range",Not generated: failed filter,,
Indian Yoga Techniques,YouTube,20600,0.15,Fitness,https://www.youtube.com/@indianyogatechniques8486,Not Found,"Natural Ways to Keep Lungs Healthy फेफड़ों को स्वस्थ रखने के प्राकृतिक तरीके | ❤️ विश्व हृदय दिवस हृदय को स्वस्थ रखें, प्राकृतिक तरीके से  ❤️  Keep Your Heart Healthy Naturally | NATURAL WAYS TO  MAINTAIN KIDNEY HEALTH गुर्दों  को स्वस्थ रखने के प्राकृतिक उपाय | 🩸रक्त संचार को बेहतर बनाए प्राकृतिक तरीकेसे Improve Blood Circulation Naturally by Yoga &Pranayama | Detox Heart, Body & Mind Naturally by Yoga हृदय,शरीर और मन को प्राकृतिक रूप से शुद्ध करने के लिए योग",Not Found,Not Available,Not Available,India (search region; audience location not verified),IN,YouTube Data API v3,https://www.youtube.com/@indianyogatechniques8486,2026-09-30T23:13:50.447800+00:00,10,10,Indian yoga instructor,Passed,Passed all configured checks,Content-aware local fallback,"Hi there, your video on natural ways to keep lungs healthy फेफड़ों को स्वस्थ रखने के प्राकृतिक तरीके stood out. We're planning a paid fitness partnership and think your practical approach could suit it well. We'd love to discuss a clearly disclosed short video, with creative control and a fee for your work. If you're interested, could you share your rates and availability? We can send a concise brief and product details before you decide. Thanks, Partnerships Team","Hi there, I liked your video on natural ways to keep. Would you be open to discussing a paid fitness collaboration?"
Sumit Fouji Coach,YouTube,2140,1.51,Fitness,https://www.youtube.com/@sumitfoujicoach3659,Not Found,Indian #army #running #best #timing 🇮🇳 #300 # 500 # workout #1600mtrruning | #army #viral #trending #workout #armystatus #youtubeshorts #1km #athelete #shortvideo | Indian #army #running #best #timing #1600mtrruning 🇮🇳 | Indian #army #running #best #timing #800mtrruning #viral #video | ujjval Academy Ambala #army #ground #youtubeshorts #viral #army,Not Found,Not Available,Not Available,India (search region; audience location not verified),Not Available,YouTube Data API v3,https://www.youtube.com/@sumitfoujicoach3659,2026-09-30T23:13:31.544718+00:00,10,10,Indian running coach,Failed,"follower count outside 5,000-100,000 micro-influencer range",Not generated: failed filter,,
Coach India,YouTube,38,17.89,Fitness,https://www.youtube.com/@coachindia7607,Not Found,BACK AT THE GYM AFTER 6 MONTHS & final home workout of lockdown! | HOW TO GET STRONGER AT HOME | My tips for home workouts with minimal equipment! | WEEK OF WORKOUTS IN LOCKDOWN | How a strength coach/former gymnast trains at home! | STRENGTH WORKOUT FOR GYMNASTS - AT HOME - FULL BODY | 10 MIN CARDIO CIRCUIT - FITNESS FOR KIDS,Not Found,Not Available,Not Available,India (search region; audience location not verified),GB,YouTube Data API v3,https://www.youtube.com/@coachindia7607,2026-09-30T23:13:52.610201+00:00,5,5,Indian home workout coach,Failed,"channel country is GB, outside India focus; follower count outside 5,000-100,000 micro-influencer range",Not generated: failed filter,,
The Indian Yoga Girl,YouTube,5720,0.29,Fitness,https://www.youtube.com/@theindianyogagirl,Not Found,Read the description | Read the description. | Read the description! | Read the description #Brahma Muhurat #YogAndWellness | #Theindianyogagirl #spirituality #yogapractice #adhyatma  #IndianPhilsophy #vedanta,https://www.instagram.com/invites/contact/?i=1qesi7obo69tx&utm_content=dd5lzm,Not Available,Not Available,India (search region; audience location not verified),IN,YouTube Data API v3,https://www.youtube.com/@theindianyogagirl,2026-09-30T23:14:13.633029+00:00,10,10,Indian yoga instructor,Passed,Passed all configured checks,Content-aware local fallback,"Hi there, I came across your channel and enjoyed the way you cover read the description. Your practical fitness content could resonate with people looking for approachable ways to stay active. We're planning a creator partnership for a fitness product and would love to explore a short, clearly disclosed video showing how it fits into your routine. We can offer a paid collaboration and give you creative control over the format. Would you be open to discussing a brief and rates? Best, Partnerships Team","Hi there, I liked your video on read the description. Would you be open to discussing a paid fitness collaboration?"
Dadaso Satre (Marathon Runner And Coach),YouTube,605,12.1,Fitness,https://www.youtube.com/@dadasosatremarathonrunnera8480,Not Found,strength training#running #marathon#1600m | Streching एकट्याने करता येईल असे स्ट्रेचिंग#running #sports #1600m | Dynamic warmup🏃💪#runningtips #running #youtuber#marathon #police | 12 hrs stadium run 🏃🏃#running #marathon #1600meter #youtubevideos #sports | Shin pain (नडगीचे दुखणे)#injury #running #marathon #police #1600mrunningtips #1600m,Not Found,Not Available,Not Available,India (search region; audience location not verified),IN,YouTube Data API v3,https://www.youtube.com/@dadasosatremarathonrunnera8480,2026-09-30T23:13:46.286310+00:00,10,10,Indian running coach,Failed,"follower count outside 5,000-100,000 micro-influencer range",Not generated: failed filter,,
Rohit Khatri Fitness,YouTube,5220000,0.06,Fitness,https://www.youtube.com/@rohitkhatrifitness,rohitkhatribiz07@gmail.com,How To Lose Face Fat In 15 Days | Double Chin To Sharp Jawline | #1 EXERCISE TO LOSE BELLY FAT IN 4 WEEKS | How to Lose Belly Fat Fast | FASTEST WAY TO LOSE CHEST FAT | How To Reduce Chest Fat In 15 Days Guaranteed | How Masturbation Destroy Your Life (And How to Quit) | Budget Diet Plan For Weight Gain | How To Gain Weight Fast & Naturally,Not Found,Not Available,Not Available,India (search region; audience location not verified),IN,YouTube Data API v3,https://www.youtube.com/@rohitkhatrifitness,2026-09-30T23:13:57.333084+00:00,10,10,Indian fitness nutrition,Failed,"follower count outside 5,000-100,000 micro-influencer range",Not generated: failed filter,,
Jeet Selal Aesthetics,YouTube,4870000,0.13,Fitness,https://www.youtube.com/@jeetselalaesthetics,Not Found,"Your Hyrox Guide 101!! | Fastest Fat Loss from 30% to 12% Naturally| Do this now. | Fastest 10kg Muscle Gain Naturally |You Do it Wrong! | They hide this about SMALL WAIST |Bollywood's Secret| | MAGGIMAN says ""Six pack Abs"" will Destroy your Kidneys |Calling Out his BS|",Not Found,Not Available,Not Available,India (search region; audience location not verified),IN,YouTube Data API v3,https://www.youtube.com/@jeetselalaesthetics,2026-09-30T22:03:10.052986+00:00,10,10,Indian strength training coach,Failed,"content relevance: fewer than two recent public video titles clearly match fitness; follower count outside 5,000-100,000 micro-influencer range",Not generated: failed filter,,
Veda Nutrition and Fitness ,YouTube,6,55.0,Fitness,https://www.youtube.com/@vedanutritionandfitness,Not Found,7 days intermittent fasting diet chart #shorts | Protein options for morning breakfast#shorts | Do this moutain climbers Exercise 100 times a day#shorts | D0 this Exercise 100 times a day for your body flexibility and strength #shorts | 100 times Workout Challenge 🔥 Can You Finish It? | Daily inch Loss Workout #Shorts,Not Found,Not Available,Not Available,India (search region; audience location not verified),Not Available,YouTube Data API v3,https://www.youtube.com/@vedanutritionandfitness,2026-09-30T23:14:02.093307+00:00,10,10,Indian fitness nutrition,Failed,"follower count outside 5,000-100,000 micro-influencer range",Not generated: failed filter,,
Indian fitness coach,YouTube,27,6.58,Fitness,https://www.youtube.com/@fighterback4434,Not Found,#getreadywithme #shortsviral #shortvideo #indianbodybuilders | motivation #vlog #lifestyle #shortsviral #getreadywithme #shortvideo | indian gorkha festival #Holly#shortvideo #lifestyle #shortsviral | exercise #getreadyforthebest#motivation 🌹🏋‍♂️💪🏡 | exercise #motivation #habitsthatchangeyourlife,Not Found,Not Available,Not Available,India (search region; audience location not verified),Not Available,YouTube Data API v3,https://www.youtube.com/@fighterback4434,2026-09-30T23:13:53.772381+00:00,10,9,Indian fitness coach,Failed,"follower count outside 5,000-100,000 micro-influencer range",Not generated: failed filter,,
Indian Weight Loss Diet by Richa,YouTube,874000,0.02,Fitness,https://www.youtube.com/@indianweightlossdiet,Not Found,How to Achieve Weight Loss Transformation | Fat Loss Journey to Confidence | Indian Diet by Richa | How to Transform Your Life | Weight Loss Journey | Fat Loss Transformation | Indian Diet by Richa | How to Achieve Weight Loss Transformation | Lose Fat Without Workout | Indian Diet Plan by Richa | How to Achieve Weight Loss Transformation | Lose Fat With Right Guidance | Indian Diet Plan by Richa | Maintain Weight Loss Journey | Lose Fat With Indian Diet Recipes | Low Carb Plan | Podcast by Richa,Not Found,Not Available,Not Available,India (search region; audience location not verified),IN,YouTube Data API v3,https://www.youtube.com/@indianweightlossdiet,2026-09-30T23:13:30.452777+00:00,10,10,Indian fitness nutrition,Failed,"follower count outside 5,000-100,000 micro-influencer range",Not generated: failed filter,,
Shree Aadinath yoga Sansthan,YouTube,63500,0.07,Fitness,https://www.youtube.com/@seemabhardwaj86,Not Found,Shree Aadinath yoga Sansthan is live | Shree Aadinath yoga Sansthan is live | Shree Aadinath yoga Sansthan is live | Shree Aadinath yoga Sansthan is live | Shree Aadinath yoga Sansthan is live,Not Found,Not Available,Not Available,India (search region; audience location not verified),IN,YouTube Data API v3,https://www.youtube.com/@seemabhardwaj86,2026-09-30T23:13:47.097128+00:00,10,10,Indian yoga instructor,Failed,"organization or institution channel, not an individual creator",Not generated: failed filter,,
Yatinder Singh,YouTube,5310000,0.08,Fitness,https://www.youtube.com/@yatindersinghofficial,Not Found,Third Month at Gym | Full Month Muscle Building Workout for Beginners | Yatinder Singh | The Dangerous Reality of Indian Diet | Yatinder Singh | Only 3 Meal Hostel/PG Muscle Building Diet | Easiest Weight Gain Diet | Yatinder Singh | My Muscle Building Diet Plan | Bulk Up Diet (tricks & hacks) | Yatinder Singh | Easiest Hostel/ PG Muscle Building Diet | Budget Weight Gain Diet | Yatinder Singh,Not Found,Not Available,Not Available,India (search region; audience location not verified),IN,YouTube Data API v3,https://www.youtube.com/@yatindersinghofficial,2026-09-30T23:13:42.992769+00:00,10,10,Indian home workout coach,Failed,"follower count outside 5,000-100,000 micro-influencer range",Not generated: failed filter,,
ABHINAV MAHAJAN,YouTube,2350000,0.02,Fitness,https://www.youtube.com/@abhinavmahajan,business@abhinavmahajan.in,Whey vs Yeast vs Plant Protein: Which is Best ? | India’s Electrolyte King Story (Fast&up Revolution) | Train Like Athlete - Upper Body (Day 4) | Full Workout Plan | Yeast Protein vs Whey : Which is better ? | Best Creatine for Women (Get Lean & Toned),Not Found,Not Available,Not Available,India (search region; audience location not verified),IN,YouTube Data API v3,https://www.youtube.com/@abhinavmahajan,2026-09-30T23:13:33.743397+00:00,10,10,Indian fitness nutrition,Failed,"follower count outside 5,000-100,000 micro-influencer range",Not generated: failed filter,,
The Nitesh Fitness Empire,YouTube,2590000,0.1,Fitness,https://www.youtube.com/@theniteshfitnessempire85,Not Found,yaha jawani ki kahani लिखी जाती हैं  #youtube #youtubeshorts | यहाँ इंसान तोड़े जाते है #youtubeshorts #youtube | Fir se balwaan bano #youtube #youtubeshorts | I phone 18 pro #youtube #youtubeshorts | Only one #youtube #youtubeshorts,https://www.instagram.com/niteshsoniy?igsh=MXI2aHFtZnFzY3drYg==,Not Available,Not Available,India (search region; audience location not verified),Not Available,YouTube Data API v3,https://www.youtube.com/@theniteshfitnessempire85,2026-09-30T23:13:49.040078+00:00,10,10,Indian strength training coach,Failed,"content relevance: fewer than two recent public video titles clearly match fitness; follower count outside 5,000-100,000 micro-influencer range",Not generated: failed filter,,
Your Fitness Coach,YouTube,69800,Not Available,Fitness,https://www.youtube.com/@yourfitnesscoach,Not Found,Treadmill = time waste? | Myth Busting series episode -4 #weightloss | Ranking unnecessary exercises for muscle gain #gymexercises | my client Arjun's mindblowing transformation #bodyrecomp | Success is not finite ❌️ | Eating less = more weight loss? | Myth Busting series episode -3,Not Found,Not Available,Not Available,India (search region; audience location not verified),IN,YouTube Data API v3,https://www.youtube.com/@yourfitnesscoach,2026-09-30T23:13:58.490260+00:00,10,0,Indian home workout coach,Failed,engagement rate unavailable from public video metrics,Not generated: failed filter,,
Training tips by Dronacharya Bhupender Dhawan and Mr India Mukesh Singh.,YouTube,1070000,0.02,Fitness,https://www.youtube.com/@ibhupender_dhawan,Not Found,BENCH PRESS - WORKOUT में गलतियां सुधारें | BENCH PRESS - WORKOUT में गलतियां | Swabhiman Excellence Award | TRAINING के 2 बहुत ज़रूरी नुस्ख़े। | FITNESS के 2 बहुत ज़रूरी नुस्ख़े।,Not Found,Not Available,Not Available,India (search region; audience location not verified),IN,YouTube Data API v3,https://www.youtube.com/@ibhupender_dhawan,2026-09-30T23:13:48.533028+00:00,10,10,Indian strength training coach,Failed,"follower count outside 5,000-100,000 micro-influencer range",Not generated: failed filter,,
FitnessRockers India,YouTube,595000,0.02,Fitness,https://www.youtube.com/@fitnessrockersindia,indiafitnessrockers@gmail.com,"POTTY AA RAHI HAI"" OR NOT? 🚽 Fix Constipation FAST! #constipation #digestivehealth | Modi Ji Was Right! The Science of Anti-Ageing Yoga 🧬 #narendramodi #internationalyogaday | Paschimottanasana ""Hugging Hack"": Anatomical Progress or Tendon Trap? #yogaanatomy #yogaalignment | How yoga helps for stress relief by Juhi Chawla #stressrelief #pranayama | Vada Paav 🔥 Logic Dead 🪾 #VadaPavGirl #ChandrikaDixit #YogaScience #MindsetShift #yogatreya",http://fitnessrockers.com,Not Available,Not Available,India (search region; audience location not verified),IN,YouTube Data API v3,https://www.youtube.com/@fitnessrockersindia,2026-09-30T23:13:34.276671+00:00,10,10,Indian fitness nutrition,Failed,"follower count outside 5,000-100,000 micro-influencer range",Not generated: failed filter,,
Indian In China,YouTube,322000,0.24,Fitness,https://www.youtube.com/@indianinchinavlog,Ravib7951@gmail.com,China Returned 🥰🇮🇳🇨🇳 | Emotional moment as my wife prepares to go back to China. ✈️🇨🇳 | Just Like China 🇨🇳 in India 🇮🇳 #chandigarh | We will miss you 🥰 Happy journey 🙏 | How to import From China ?,Not Found,Not Available,Not Available,India (search region; audience location not verified),IN,YouTube Data API v3,https://www.youtube.com/@indianinchinavlog,2026-09-30T23:13:32.281059+00:00,10,9,Indian yoga instructor,Failed,"content relevance: fewer than two recent public video titles clearly match fitness; follower count outside 5,000-100,000 micro-influencer range",Not generated: failed filter,,
FITNESS COACH AJAY,YouTube,4290,0.48,Fitness,https://www.youtube.com/@ajayfitness7170,Not Found,Golden tips for weight loss without Gym | CREAMAG Boost by Naturaltein Honest Review |STRENGTH & RECOVERY ka Baap | Amazing CrossFit session with my Wife. ❤️💀 | Bigger Arms more attraction for Girls 💀 | 40 kg Dumbell chest Press and 100kg Pec Fly | ChestDay,Not Found,Not Available,Not Available,India (search region; audience location not verified),IN,YouTube Data API v3,https://www.youtube.com/@ajayfitness7170,2026-09-30T23:13:38.639847+00:00,10,10,Indian fitness coach,Failed,"follower count outside 5,000-100,000 micro-influencer range",Not generated: failed filter,,
Personal Running Coach,YouTube,104000,0.24,Fitness,https://www.youtube.com/@personalrunningcoach,Not Found,"È solo questione di tempo! | Oggi con le nuove Deviate NITRO Elite 4 di @pumarunning farò un 4x6' in soglia Z4, recupero 2'. ⏱️ | Ma quando ha davvero senso inserire il potenziamento nei nostri programmi di corsa?! | Quali aspetti della tecnica di corsa contano davvero per correre in modo più economico? | Ho cambiato la mia TECNICA  - Ecco cosa è successo...",https://personalrunningcoach.it/corsi/running/,Not Available,Not Available,India (search region; audience location not verified),IT,YouTube Data API v3,https://www.youtube.com/@personalrunningcoach,2026-09-30T23:13:28.814178+00:00,10,10,Indian running coach,Failed,"content relevance: fewer than two recent public video titles clearly match fitness; channel country is IT, outside India focus; follower count outside 5,000-100,000 micro-influencer range",Not generated: failed filter,,
FB Nutrition,YouTube,555,1.62,Fitness,https://www.youtube.com/@fbnutrition,Not Found,"Coconut Hydration Powder + Electrolytes in One Sachet | Hydro Fast #fbnutrition #electrolytes | Pre Workout + Hydration: Why Both Matter | Iron Blood & Hydro Fast  #fbnutrition | Hydro Fast: One Box. Zero Sharing.😂 | Electrolytes Powder #FBNutrition #summerhydration | Hydration Ka Formula, Bilkul Clear! 💧⚡| Hydro Fast by FB Nutrition #electrolytes #summerhydration | Protein Khatam Hona Is The Worst Feeling Ever😭 | Whey Protein Reorder #fbnutrition #gymsupplements",Not Found,Not Available,Not Available,India (search region; audience location not verified),IN,YouTube Data API v3,https://www.youtube.com/@fbnutrition,2026-09-30T23:13:55.104630+00:00,10,9,Indian fitness nutrition,Failed,"follower count outside 5,000-100,000 micro-influencer range",Not generated: failed filter,,
shivam fitness,YouTube,834000,0.7,Fitness,https://www.youtube.com/@shivamfitnesss,sm3920240@gmail.com,Meri pyari car 😍 Thar 💪…. #minivlog #vlog #car #shorts #shortvideo | Reality of muscle building 💪…. #minivlog #vlog #shorts #shortvideo #gym #fitness | New gym 😍 Minivlog 📷…. #minivlog #vlog #gym #shorts | New gym work completed 😍💪…. #gym #shorts #minivlog #fitness #trending #short | Start young ✅ build strong 💪…. #fitness #trending #young #musclebuilding #shorts,Not Found,Not Available,Not Available,India (search region; audience location not verified),IN,YouTube Data API v3,https://www.youtube.com/@shivamfitnesss,2026-09-30T23:13:47.888913+00:00,10,10,Indian fitness nutrition,Failed,"follower count outside 5,000-100,000 micro-influencer range",Not generated: failed filter,,
Tips By Mukesh Gahlot,YouTube,252000,0.11,Fitness,https://www.youtube.com/@tipsbymukeshgahlot,mukeshgahlot.management@gmail.com,"How To Grow Weak Body Parts | Mukesh Gahlot #youtubevideo | Workout Program For Biceps, Triceps & Forearms | Mukesh Gahlot #youtubevideo | Most Effective Exercises For Fat Loss | Fat Loss | Mukesh Gahlot #youtubevideo | 3 Most Impactfull exercise for Overall Back #shorts #shortvideo | How To Grow Weak Body Parts | Mukesh Gahlot #youtubevideo",Not Found,Not Available,Not Available,India (search region; audience location not verified),IN,YouTube Data API v3,https://www.youtube.com/@tipsbymukeshgahlot,2026-09-30T23:14:18.585329+00:00,10,10,Indian strength training coach,Failed,"follower count outside 5,000-100,000 micro-influencer range",Not generated: failed filter,,
Indian Federation of Yoga,YouTube,6480,0.27,Fitness,https://www.youtube.com/@indianfederationofyoga,Not Found,🌱 BEGINNER vs ADVANCED | KROUNCHASANA (HERON POSE) 🧘‍♀️ #asana #shortsfeed | 🔥 ONE POSE. TWO LEVELS. INFINITE POSSIBILITIES. 🔱 #yoga #beginner | Shalabhasana Beginner vs Advanced 🧘‍♀️🔥 | Locust Pose Yoga #shorts | Bakasana for Beginners to Advanced 🧘‍♀️ | Crow Pose with Wall Support #shorts #yoga | 🕉️ Vasisthasana - from Beginner to Advanced. #yogasanas #shortsfeed,Not Found,Not Available,Not Available,India (search region; audience location not verified),IN,YouTube Data API v3,https://www.youtube.com/@indianfederationofyoga,2026-09-30T23:13:39.301704+00:00,10,10,Indian yoga instructor,Failed,"organization or institution channel, not an individual creator",Not generated: failed filter,,
Jeremy Ethier,YouTube,7940000,0.77,Fitness,https://www.youtube.com/@jeremyethier,Not Found,"They're Weird, But The ONLY 2 Ab Exercises You Need | I Gave Him Fake Steroids For 100 Days | Why You Store Fat Here, And How To ACTUALLY Lose It | It's Weird, But It Destroys Your Body Fat In 30 Days | It’s Dumb, But It Builds Muscle Almost 4x Faster",https://builtwithscience.com/,Not Available,Not Available,India (search region; audience location not verified),CA,YouTube Data API v3,https://www.youtube.com/@jeremyethier,2026-09-30T23:14:06.725238+00:00,10,10,Indian home workout coach,Failed,"channel country is CA, outside India focus; follower count outside 5,000-100,000 micro-influencer range",Not generated: failed filter,,
Coach Tara,YouTube,25600,0.59,Fitness,https://www.youtube.com/@coachtarasuperliving,Not Found,Roz Khaali Pet 1 Amla | 90 Din Mein Weight Loss & Belly Fat Kam? | Vajan Kam Karne Ka Desi Tarika | Quick Full Body Workout Routine | HOME WORKOUT | COACH TARA | Weight Loss Ke Liye Easy Exercise Tutorials | COACH TARA | ₹15 Se Kam Mein Protein! Weight Loss Ke Liye Sabse Sasta Protein | COACH TARA #shorts | Weight Loss Ke Liye Kitna Chalna Padhta Hai ? | COACH TARA,Not Found,Not Available,Not Available,India (search region; audience location not verified),IN,YouTube Data API v3,https://www.youtube.com/@coachtarasuperliving,2026-09-30T23:13:29.345469+00:00,10,10,Indian strength training coach,Passed,Passed all configured checks,Content-aware local fallback,"Hi Coach, I came across your channel and enjoyed the way you cover roz khaali pet 1 amla. Your practical fitness content could resonate with people looking for approachable ways to stay active. We're planning a creator partnership for a fitness product and would love to explore a short, clearly disclosed video showing how it fits into your routine. We can offer a paid collaboration and give you creative control over the format. Would you be open to discussing a brief and rates? Best, Partnerships Team","Hi Coach, I liked your video on roz khaali pet 1. Would you be open to discussing a paid fitness collaboration?"
Pawan | Ancient Strength Coach ,YouTube,291,37.92,Fitness,https://www.youtube.com/@coachbypawan,Not Found,"Outdoor Shoot with Hanuman Gada & Mudgal 🚩🔥 | Strength & Tradition #Shorts | 2 MILLION VIEWS 🔥 | Why Is Everyone Talking About The Hanuman Gada? | Why Hanuman Gada Is More Than Just a Weight 🛕🔥 | Ancient Indian Strength | 🚩 बजरंगबली की दिव्य गदा 🙏 | Hanuman Gada 🔱 | Jai Shri Ram 🚩 #Shorts | 🔥 MUDGAL | The Vibe, The Attitude & The Story | Trending Video 2026",Not Found,Not Available,Not Available,India (search region; audience location not verified),Not Available,YouTube Data API v3,https://www.youtube.com/@coachbypawan,2026-09-30T23:13:29.851910+00:00,10,9,Indian strength training coach,Failed,"follower count outside 5,000-100,000 micro-influencer range",Not generated: failed filter,,
Venkat Fitness Trainer,YouTube,537000,0.41,Fitness,https://www.youtube.com/@venkatfitnesstrainer,Not Found,Weight Taggithe Fat Tagginatte Na? 😳 actual TRUTH | Venkat Fitness | Watch full video 👇🏻 here #venkatfitness | Uncomfortable Truths in Fitness | Follow these Best Exercises for Belly fat & weight loss👌🏻 | Master the basics for aesthetic body Specially for STUDENTS  #venkatfitness,Not Found,Not Available,Not Available,India (search region; audience location not verified),IN,YouTube Data API v3,https://www.youtube.com/@venkatfitnesstrainer,2026-09-30T23:13:34.812394+00:00,10,10,Indian strength training coach,Failed,"follower count outside 5,000-100,000 micro-influencer range",Not generated: failed filter,,
The Exercise Coach®,YouTube,3500,0.24,Fitness,https://www.youtube.com/@theexercisecoach,Not Found,"The 30-Day Metabolic Comeback Challenge: Consistency Over Perfection | Health First, Weight Second: Rethinking Fat Loss From the Inside Out | The Metabolic Comeback: Why Strength and Whole Foods Work Better Together | 5 Lessons The 30-Day Metabolic Comeback Challenge At The Exercise Coach Can Teach You About Yourself | All Things Body Composition (With Guest Will Dahlgren From Inbody)",Not Found,Not Available,Not Available,India (search region; audience location not verified),US,YouTube Data API v3,https://www.youtube.com/@theexercisecoach,2026-09-30T23:13:35.828096+00:00,10,10,Indian strength training coach,Failed,"channel country is US, outside India focus; follower count outside 5,000-100,000 micro-influencer range",Not generated: failed filter,,
Run On Track,YouTube,387000,0.47,Fitness,https://www.youtube.com/@runontrack,runontrack2@gmail.com,Journey from Howrah to Guwahati in Saraighat Express | Puri to Kolkata Journey by Garib Rath Express 🚆 | कोलकाता में ठहरने की सबसे सस्ती जगह ! | देखिए Jasidih से Bengaluru जाने वाली Train का कितना Bura Haal 😱| Bangalore जाने वाली Train की हकीकत | Confirmed Seat के बावजूद नहीं सो पाया! | Mumbai LTT–Jaynagar Pawan Express Journey | Banaras to Mumbai by Train 🚆 | Mahanagari Express Full Journey,Not Found,Not Available,Not Available,India (search region; audience location not verified),IN,YouTube Data API v3,https://www.youtube.com/@runontrack,2026-09-30T23:13:38.089867+00:00,10,10,Indian running coach,Failed,"follower count outside 5,000-100,000 micro-influencer range",Not generated: failed filter,,
Saurabh Bothra,YouTube,3630000,0.15,Fitness,https://www.youtube.com/@saurabhbothra,Not Found,Yoga for Knee & Hip Arthritis | Gentle Movement for Painful Joints | Saurabh Bothra Yoga | Har Baat Dil Par Mat Lo… Dil Ka Khayal Rakho! ❤️ #yoga #shorts #healthyhabits | Are You Eating These FOODS for Your Knee Joints? 🦴🤔 #healthyfood #jointhealth #shorts | Can This Neck Muscle Help You Lose Weight? 😲 #weightloss #yoga #shorts | What to Eat for Knee Pain? 🦵🏻 | Best Foods for Stronger Knees | Saurabh Bothra Yoga,Not Found,Not Available,Not Available,India (search region; audience location not verified),IN,YouTube Data API v3,https://www.youtube.com/@saurabhbothra,2026-09-30T23:13:41.906604+00:00,10,10,Indian yoga instructor,Failed,"follower count outside 5,000-100,000 micro-influencer range",Not generated: failed filter,,
Yoga With Kamya,YouTube,875000,0.43,Fitness,https://www.youtube.com/@yogawithkamya_,Not Found,"Sinus & Cold Relief | 5 Sinus Relief Things To Try At Home #shorts | Pelvic Floor Exercises For Urine Leakage | 20 Min Yoga At Home For Women | Follow along Exercises | Hair Fall Solution | 5 Marma Point Massage For Hair Growth | Stop Hairfall Naturally | #shorts | 5 Daily Movements For Knee Pain Relief | Knee Strengthening Exercises #shorts | 5 AM Ayurvedic Morning Routine | Oil Pulling, Pranayama & Yoga Routine #shorts #hanumanji",Not Found,Not Available,Not Available,India (search region; audience location not verified),IN,YouTube Data API v3,https://www.youtube.com/@yogawithkamya_,2026-09-30T23:13:49.654100+00:00,10,10,Indian yoga instructor,Failed,"follower count outside 5,000-100,000 micro-influencer range",Not generated: failed filter,,
Prem Fitness Coach,YouTube,383,5.9,Fitness,https://www.youtube.com/@premfitnesscoach,Not Found,Training with Prem Series EP-12 Foam Rolling And Benefits | Training with Prem series Ep-11 Post workout Stretches | Training with Prem series Ep-10 Dynamic Stretches Before Training | Training with Prem Series Ep-9 Exercise for Heel Pain | Training with Prem Series Ep-8 Best Exercises for Knee Strengthening,Not Found,Not Available,Not Available,India (search region; audience location not verified),IN,YouTube Data API v3,https://www.youtube.com/@premfitnesscoach,2026-09-30T23:13:51.424421+00:00,10,10,Indian strength training coach,Failed,"follower count outside 5,000-100,000 micro-influencer range",Not generated: failed filter,,
indian prince11,YouTube,4,194.44,Fitness,https://www.youtube.com/@fitnessprince_007,Not Found,“ये क्या वस्तु है? 😱 देखकर आप भी हैरान रह जाएंगे!”#viral #viralvideo#viralshorts | 🛕 मंदिर की सफाई करते हुए | आज का सेवा कार्य😊 | 🌅 मेरी सुबह की शुरुआत | Morning Vlog | 🔥 सड़क कार्य में भेदभाव के खिलाफ जनता की आवाज़ | सड़क निर्माण की मांग 🛣️ | 🛣️ रोड निर्माण कार्य के लिए आंदोलन | सड़क की मांग को लेकर उठाई आवाज़,Not Found,Not Available,Not Available,India (search region; audience location not verified),Not Available,YouTube Data API v3,https://www.youtube.com/@fitnessprince_007,2026-09-30T23:13:59.028695+00:00,9,9,Indian home workout coach,Failed,"content relevance: fewer than two recent public video titles clearly match fitness; follower count outside 5,000-100,000 micro-influencer range",Not generated: failed filter,,
Ganpati Nutrition,YouTube,45,16.22,Fitness,https://www.youtube.com/@ganpatinutrition,Not Found,Give your little one the nutrition they need to stay active energetic & healthy | #nutritions #storevideo #gym #products #Ganpatinutrition #ajmersharif #ajmer | #carnivox3000mg #redskull #Carnitine #ajmer #gym #protein #nutrition #trendingshorts #supplements | @GanpatiNutrition Come and Visit our store ✨✨ #nutrition #trendingshorts #fitness #fitnessfreak | #nutrition #motivation #trendingshorts #viralvideo #viralshorts,https://www.instagram.com/ganpati_nutrition_?igsi=N3J0bW9tNXhjbXIw,Not Available,Not Available,India (search region; audience location not verified),IN,YouTube Data API v3,https://www.youtube.com/@ganpatinutrition,2026-09-30T23:13:59.579730+00:00,10,10,Indian fitness nutrition,Failed,"follower count outside 5,000-100,000 micro-influencer range",Not generated: failed filter,,
Nirbhay Pandey,YouTube,272000,0.16,Fitness,https://www.youtube.com/@fitandnirbhayyt,Not Found,"Which hammer curl variation is best for biceps growth #gym #workout #bodybuilding #fitness #athlete | Top best exercises for rear delt #gym #workout #bodybuilding #fitness #athlete #motivation | Full supplements required all gym goers #gym #workout #bodybuilding #fitness #athelete #motivation | Side lateral exercise for shoulder form and alternatives #gym #workout #bodybuilding #fitness | Upright rows for massive traps, exercise for shoulder #gym #workout #bodybuilding #fitness #athlete",Not Found,Not Available,Not Available,India (search region; audience location not verified),IN,YouTube Data API v3,https://www.youtube.com/@fitandnirbhayyt,2026-09-30T23:14:00.300697+00:00,10,10,Indian strength training coach,Failed,"follower count outside 5,000-100,000 micro-influencer range",Not generated: failed filter,,
sidhu fitness coach ,YouTube,1100,1.36,Fitness,https://www.youtube.com/@sidhufitnesscoach-r555,Not Found,Best Exercises Back Fat #fitness #viral #motivation #trendingshorts #youtubeshort #athome #nogym | Best Exercises Beginner Chest Fat #fitness #viral #motivation #trending #homeworkout #pushup | Leg Day #fitness#viral #motivation #trending #youtube #thighsworkout # muscle building #gym workout | Best Exercises Thighs Fat Lose #fitness #viral # #motivation #weightloss #trending #youtubeshorts | Reduce Side Fat #fitness #motivation #weightloss #trending#viralvideo #youtubeshorts#athome#fatloss,Not Found,Not Available,Not Available,India (search region; audience location not verified),IN,YouTube Data API v3,https://www.youtube.com/@sidhufitnesscoach-r555,2026-09-30T23:14:00.916971+00:00,10,10,Indian fitness coach,Failed,"follower count outside 5,000-100,000 micro-influencer range",Not generated: failed filter,,
Fit Tuber Hindi,YouTube,4730000,0.17,Fitness,https://www.youtube.com/@fittuberhindi,hellofittuber@gmail.com,सुबह पानी में इसे उबालकर पी लो - होंगे 6 बड़े फायदे | Fit Tuber Hindi | Itna Aasan Nahi Hota Q&A Shoot Karna! | Behind The Scenes | ₹80 में 80g Protein wali Veg Diet for Fat loss | Fit Tuber Hindi | Ye 3 Cheezein Aapka Pet Phula Sakti Hain! 😱 | Vitamin E Ke Liye Ye 3 Foods Zaroor Khao! 😳,Not Found,Not Available,Not Available,India (search region; audience location not verified),IN,YouTube Data API v3,https://www.youtube.com/@fittuberhindi,2026-09-30T23:14:01.669720+00:00,10,10,Indian fitness nutrition,Failed,"follower count outside 5,000-100,000 micro-influencer range",Not generated: failed filter,,
Om Nutrition India,YouTube,3430,0.45,Fitness,https://www.youtube.com/@omnutritionindia9997,Not Found,Imported Whey Protein Shop in Meerut | OM Nutrition Mohiuddinpur | Modinagar #Shorts | Cheapest Protein Shop in Mohiuddinpur Meerut | OM Nutrition | Protein Shop Modinagar | V Shape Complex Whey Protein सबसे कम रेट पर | Mohiuddinpur Near Modinagar Meerut | Supplement Store | Mutant Whey Protein सबसे कम Price में 😱 | OM Nutrition Mohiuddinpur | Meerut & Modinagar | 🏋️ Biggest Supplement Shop Near Meerut & Modinagar | 100% Original Products 🔥 #Shorts,Not Found,Not Available,Not Available,India (search region; audience location not verified),IN,YouTube Data API v3,https://www.youtube.com/@omnutritionindia9997,2026-09-30T23:14:02.748263+00:00,10,10,Indian fitness nutrition,Failed,"follower count outside 5,000-100,000 micro-influencer range",Not generated: failed filter,,
Coach Harper,YouTube,9950,0.26,Fitness,https://www.youtube.com/@coachharper,derrick@derickharper.net,Major Mission Episode 3: One Step Closer| getting a D1 Scholarship | Road to D1 ep.1 | How to get a d1 scholarship | How to get your kid a college scholarship | Sports Saturday in a youth sports family | Speed drills for kids | How to run faster for kids #speedtraining,Not Found,Not Available,Not Available,India (search region; audience location not verified),Not Available,YouTube Data API v3,https://www.youtube.com/@coachharper,2026-09-30T23:14:03.306908+00:00,10,10,Indian running coach,Failed,content relevance: fewer than two recent public video titles clearly match fitness,Not generated: failed filter,,
usha Paul India's India's no. 1 fitness trainer,YouTube,2,83.33,Fitness,https://www.youtube.com/@ushapaulindiasindiasno.1fi153,Not Found,jis jis ko mera tarah body banana hai to video ko full. dekho | 11 December 2022 | 😂mera bhanji ko thappar marke reaction dek kar maja agaya 🥺marne ke bad piyar agaya bohot cute hai,Not Found,Not Available,Not Available,India (search region; audience location not verified),Not Available,YouTube Data API v3,https://www.youtube.com/@ushapaulindiasindiasno.1fi153,2026-09-30T23:14:03.797502+00:00,3,3,Indian home workout coach,Failed,"content relevance: fewer than two recent public video titles clearly match fitness; follower count outside 5,000-100,000 micro-influencer range",Not generated: failed filter,,
Nutrition Health & Fitness ,YouTube,10100,0.02,Fitness,https://www.youtube.com/@v_fitnutrition,Not Found,क्या ये 3 hormones weight gain को affect कर सकते हैं? #youtubeshorts #viral #hormones | What to Eat During the Rainy Season? #subscribe #shorts #reels # | Summer me protein intake kaise maintain karein?#healthtips #viral #fitnessindia #proteinintake | Healthy Glow Fruits by Experts#subscribe #nutritiontips #fitnessindia #indianfitness #ytshorts | 5 Foods to Reduce Heart Blockages Naturally ❤️ | दिल की ब्लॉकेज कम करने वाले 5 सुपरफूड #viralshorts,Not Found,Not Available,Not Available,India (search region; audience location not verified),IN,YouTube Data API v3,https://www.youtube.com/@v_fitnutrition,2026-09-30T23:14:04.401123+00:00,10,10,Indian fitness nutrition,Passed,Passed all configured checks,Content-aware local fallback,"Hi Nutrition, your video on क्या ये 3 hormones weight gain को affect कर सकते हैं? #youtubeshorts #viral #hormones stood out. We're planning a paid fitness partnership and think your practical approach could suit it well. We'd love to discuss a clearly disclosed short video, with creative control and a fee for your work. If you're interested, could you share your rates and availability? We can send a concise brief and product details before you decide. Thanks, Partnerships Team","Hi Nutrition, I liked your video on क्या ये 3 hormones. Would you be open to discussing a paid fitness collaboration?"
BoxFit India,YouTube,61800,1.53,Fitness,https://www.youtube.com/@boxfit.in-india,Not Found,"Hanging on the bar fighting for your absolute life is officially out 💀 | Save this before your next leg day 🔥 | Laughing at your trainer’s terrible joke just to delay the next set is a literal survival tactic 💀 | Be honest. Which one are you? 🤭 | My toxic trait is thinking I can do 50 perfect push-ups, reality my arms collapse at number two 💀",Not Found,Not Available,Not Available,India (search region; audience location not verified),IN,YouTube Data API v3,https://www.youtube.com/@boxfit.in-india,2026-09-30T23:14:05.106884+00:00,10,10,Indian strength training coach,Failed,content relevance: fewer than two recent public video titles clearly match fitness,Not generated: failed filter,,
Indian GYM Trainer,YouTube,117,51.79,Fitness,https://www.youtube.com/@indiangymtrainer4,Not Found,Essential Gym Exercises for Beginners | Home workout without dumbbells #shortvideo #gym #motivation | Deltoid Workout For Beginners | Gym #shortvideo #deltoid #motivation | Simple Chest Workout | #shortvideo #chest #chestworkout | Top 5 Bicep Workout | For Beginners #shorts #shortvideo,https://www.instagram.com/indian_gymtrainer/,Not Available,Not Available,India (search region; audience location not verified),IN,YouTube Data API v3,https://www.youtube.com/@indiangymtrainer4,2026-09-30T23:14:05.636249+00:00,5,5,Indian home workout coach,Failed,"follower count outside 5,000-100,000 micro-influencer range",Not generated: failed filter,,
Fit India Nutrition Kathua,YouTube,5250,0.26,Fitness,https://www.youtube.com/@fitindianutritionkathua,Not Found,SOLO DRIVE 🕊️❤️‍🔥 #song #solo #short #scorpio #mahindra #india | NITROTECH NOW AVAILABLE ✅ #fitness #punk #edit #fitness #music #supplementwholesaler #gym #motivate | TRUEFORMA WHEY NOW AVAILABLE ✅ GET BEST PRICE 🔥 #fitness #motivation #liftingzone #leanbulk #gym | SCORPIO ON MONSTER WHEELS #automobile #monster #scorpio #mahindra #car #suv | NEW STOCK UPDATE #fitness #protein #supplement #supplementwholesaler #shorts #youtubeshorts #gym,Not Found,Not Available,Not Available,India (search region; audience location not verified),Not Available,YouTube Data API v3,https://www.youtube.com/@fitindianutritionkathua,2026-09-30T23:14:06.196002+00:00,10,10,Indian fitness nutrition,Passed,Passed all configured checks,Content-aware local fallback,"Hi Fit, I came across your channel and enjoyed the way you cover solo drive 🕊️❤️‍🔥 #song #solo #short #scorpio #mahindra #india. Your practical fitness content could resonate with people looking for approachable ways to stay active. We're planning a creator partnership for a fitness product and would love to explore a short, clearly disclosed video showing how it fits into your routine. We can offer a paid collaboration and give you creative control over the format. Would you be open to discussing a brief and rates? Best, Partnerships Team","Hi Fit, I liked your video on solo drive 🕊️❤️‍🔥 #song. Would you be open to discussing a paid fitness collaboration?"
Coach rehaman,YouTube,413,5.33,Fitness,https://www.youtube.com/@coach_rehaman,Not Found,Mock Assembly Elections by @Zphs ramachandrapuram #zphsrcpuram #apgovtschools | Constitutional Day event by @zphsramachandrapuram sudents #constitution  #apgovt #apgovtschools | Importance of #education  #study #motivation #motivational #chaduvu #coach_rehaman #race_for_success | Information about Government jobs#governmentjobs #upsc#competition #competitive #competitiveexams | lets train Live Stream,https://t.me/letstrain,Not Available,Not Available,India (search region; audience location not verified),Not Available,YouTube Data API v3,https://www.youtube.com/@coach_rehaman,2026-09-30T23:14:07.260252+00:00,10,10,Indian running coach,Failed,"content relevance: fewer than two recent public video titles clearly match fitness; follower count outside 5,000-100,000 micro-influencer range",Not generated: failed filter,,
Yoga with Subramanian,YouTube,5640,0.43,Fitness,https://www.youtube.com/@yogawithsubramanian3983,Not Found,"Simple Sitting Exercises and Asanas, good for Stimulating Lower Abdomen and Pelvic Organs | Simple Sitting Exercises for Seniors and Others at Home | Let us do some small movements, because movements are exercises. | One simple 4 steps P.T. exercise done  in schools in  1970's, even now good for overall body | "" Super Seniors "" Wall Support Yoga Exercises for Balancing the Body and Mind.",Not Found,Not Available,Not Available,India (search region; audience location not verified),Not Available,YouTube Data API v3,https://www.youtube.com/@yogawithsubramanian3983,2026-09-30T23:14:07.785672+00:00,10,10,Indian yoga instructor,Passed,Passed all configured checks,Content-aware local fallback,"Hi there, your video on simple sitting exercises and asanas, good for stimulating lower abdomen and pelvic organs stood out. We're planning a paid fitness partnership and think your practical approach could suit it well. We'd love to discuss a clearly disclosed short video, with creative control and a fee for your work. If you're interested, could you share your rates and availability? We can send a concise brief and product details before you decide. Thanks, Partnerships Team","Hi there, I liked your video on simple sitting exercises and. Would you be open to discussing a paid fitness collaboration?"
Desi Gym Fitness,YouTube,3480000,0.09,Fitness,https://www.youtube.com/@desigymfitness,santoshkumarkumarenglis@gmail.com,Get Bigger Traps at Home | Traps workout at home for beginners | इ कैसा Squat है बे ☝️ | Get Bigger Shoulders at Home | Shoulder workout at home for beginners | Play More Oil Review | How to use | Best oil for male | Get Bigger Triceps at Home | Tricep workout at home for beginners,Not Found,Not Available,Not Available,India (search region; audience location not verified),IN,YouTube Data API v3,https://www.youtube.com/@desigymfitness,2026-09-30T23:14:08.270061+00:00,10,10,Indian fitness coach,Failed,"follower count outside 5,000-100,000 micro-influencer range",Not generated: failed filter,,
Tom Hall Coach,YouTube,292,1.54,Fitness,https://www.youtube.com/@tomhallcoach,Not Found,Save this… & add it into your workouts | This is what Online Coaching looks like BHTS… | Plyos are ALL the rage… are any of these Plyos?? | The “Try my plyometrics” crowd… listen here #runner #plyometrics | Do you agree with these lunges?!,Not Found,Not Available,Not Available,India (search region; audience location not verified),GB,YouTube Data API v3,https://www.youtube.com/@tomhallcoach,2026-09-30T23:14:08.822435+00:00,10,10,Indian running coach,Failed,"channel country is GB, outside India focus; follower count outside 5,000-100,000 micro-influencer range",Not generated: failed filter,,
MY BOLLYWOOD BODY,YouTube,4270000,0.01,Fitness,https://www.youtube.com/@mybollywoodbody,Not Found,"Q: How to lose weight as a Beginner! | Lost & Found! | Guess who is coming back? | May 24, 2024 | Dont get SICK this FLU season! #fluseason #healthyliving #vitaminc #bramptongym #fitnesstips",http://mybollywoodbody.com/index.php/training,Not Available,Not Available,India (search region; audience location not verified),CA,YouTube Data API v3,https://www.youtube.com/@mybollywoodbody,2026-09-30T23:14:09.397202+00:00,10,10,Indian home workout coach,Failed,"content relevance: fewer than two recent public video titles clearly match fitness; channel country is CA, outside India focus; follower count outside 5,000-100,000 micro-influencer range",Not generated: failed filter,,
Coach Ravinder,YouTube,437,0.14,Fitness,https://www.youtube.com/@coachravinderofficial,Not Found,CORPO JUMBLE 2026 | 2 AUGUST | MARATHON | AIPL Women 10k Run | 1 march | highlights | Indian Coast Guard 10K Run | 8 March 2026 | Highlights | Corpo Jumble 2026 | Event Highlights | Wings Marathon 2026 | 5 July | Highlights |,http://www.coachravinder.com/,Not Available,Not Available,India (search region; audience location not verified),IN,YouTube Data API v3,https://www.youtube.com/@coachravinderofficial,2026-09-30T23:14:09.904969+00:00,10,10,Indian running coach,Failed,"follower count outside 5,000-100,000 micro-influencer range",Not generated: failed filter,,
The Yoga Institute,YouTube,5060000,0.01,Fitness,https://www.youtube.com/@theyogainstituteofficial,Not Found,"TSH High or Low? What It Means & What to Do | What Happens When You Eat Half an Avocado Every Day After 40? | Dr. Hansaji | Thyroid Imbalance? Signs, Causes, Natural Fixes | Dr. Hansaji | Flat Belly? Try These 8 Yoga Poses | Dr Hansaji | Yoga for Flat Stomach | Core Strengthening Routine | Dr Hansaji",Not Found,Not Available,Not Available,India (search region; audience location not verified),IN,YouTube Data API v3,https://www.youtube.com/@theyogainstituteofficial,2026-09-30T23:14:10.923544+00:00,10,10,Indian yoga instructor,Failed,"organization or institution channel, not an individual creator; follower count outside 5,000-100,000 micro-influencer range",Not generated: failed filter,,
Rahulfitness_ifbb,YouTube,293000,0.07,Fitness,https://www.youtube.com/@rahulfitness_ifbb,rajkumarfitness9958@gmail.com,"1000 Crunches Maar Lo, Abs Nahi Dikhenge! 😱 Abs chahiye? Pehle body fat kam karo! 💪#AbsWorkout #Fa | BEGINNER SHOULDER WORKOUT | Correct Form, Posture & Range of Motion 💪 | Rahul fitness | Natural Testosterone Boost Kaise Kare? 💪 #Testosterone #NaturalTestosterone #Bodybuilding #Fitness | Earn your physique. 🔥 #bodybuilding #motivation #interview #bigmusclesnutrition #fitness | Natural Bodybuilding ka Sabse Bada Confusion!#NaturalBodybuilding #bodybuilding  #FitnessKnowledge",https://rahulfitness.com/,Not Available,Not Available,India (search region; audience location not verified),IN,YouTube Data API v3,https://www.youtube.com/@rahulfitness_ifbb,2026-09-30T23:14:11.508301+00:00,10,8,Indian fitness coach,Failed,"follower count outside 5,000-100,000 micro-influencer range",Not generated: failed filter,,
Indian Yoga School (Multi-Style Yoga),YouTube,317,8.71,Fitness,https://www.youtube.com/@indianyogaschool,Not Found,Yoga  Alliance Teacher Training - RYT 200/500 Certification | Yoga Teacher Training in India at Yoga School Rishikesh Yogpeeth | Rishikesh Ashram Stay Program - Yoga & Meditation in India | Yoga Teacher Training with Ashram Stay - Starlim India | Spiritual Yoga Retreats & Trekking in Himalaya - Starlim India,https://indianyogaschool.com,Not Available,Not Available,India (search region; audience location not verified),IN,YouTube Data API v3,https://www.youtube.com/@indianyogaschool,2026-09-30T23:14:12.031200+00:00,10,10,Indian yoga instructor,Failed,"organization or institution channel, not an individual creator; follower count outside 5,000-100,000 micro-influencer range",Not generated: failed filter,,
Coach Suraj Yadav,YouTube,86,15.58,Fitness,https://www.youtube.com/@coachsurajyadav248,Not Found,Football shooting practice|| Football target shooting #football #kheloindia #fitindia | Football practice... practice for leg strength by Coach Suraj Yadav #football #footballshorts | Yoga for students..yoga for beginners by Coach Suraj Yadav #yoga #meditation #yogiclife #students | football vibes ⚽⚽... subscribe it | motivational song in gym 😂😂😂,Not Found,Not Available,Not Available,India (search region; audience location not verified),Not Available,YouTube Data API v3,https://www.youtube.com/@coachsurajyadav248,2026-09-30T23:14:12.585543+00:00,10,10,Indian running coach,Failed,"follower count outside 5,000-100,000 micro-influencer range",Not generated: failed filter,,
Athlete coach Yogesh,YouTube,264,43.71,Fitness,https://www.youtube.com/@athletecoachyogesh,Not Found,"जिन्हें अपने सपनों की परवाह होती है, वो थकान नहीं देखा करते।| Athlete training #shorts #motivation | वर्दी का सपना, मेहनत से ही सच होगा।Ground पर बहाया हर कतरा काम आएगा TA Army workout | #shorts #india | Athlete Running Workout | athlete Training | #india #workout #shorts #new #sports #army #tranding | 1600M TA Army Running Workout | Agniveer Workout | athlete Training #india #army #shorts  #workout | 1600M Ta Army Workout | Agniveer Running Workout #taarmy #agniveer #india #army #shorts #workout #1k",Not Found,Not Available,Not Available,India (search region; audience location not verified),IN,YouTube Data API v3,https://www.youtube.com/@athletecoachyogesh,2026-09-30T23:14:13.148899+00:00,10,10,Indian running coach,Failed,"follower count outside 5,000-100,000 micro-influencer range",Not generated: failed filter,,
indian coach kenny24,YouTube,23,68.12,Fitness,https://www.youtube.com/@indiancoachkenny24,Not Found,😱ABS WORKOUT WAIT END (India🇮🇳 vs SA🇿🇦) 🔥💯#fitness #fatloss #tasformetion #ytshorts #absgym #gmy#abs | 😱3 EXERCISE ABS WORKOUT CHALENGE ACCEPT 💪🇮🇳 #absworkout #ytshorts #trending #viralshort #sports | Quick Hitt workout try this at home #trending  #foryou #reels | Upper body workout try this #foryou #trending #reels #coachkenny24 | Intense hiit workout 🔥 burn belly fat #trending #foryou #reels,Not Found,Not Available,Not Available,India (search region; audience location not verified),IN,YouTube Data API v3,https://www.youtube.com/@indiancoachkenny24,2026-09-30T23:14:14.159252+00:00,6,6,Indian home workout coach,Failed,"follower count outside 5,000-100,000 micro-influencer range",Not generated: failed filter,,
Indian Martial Arts Training,YouTube,82000,Not Available,Fitness,https://www.youtube.com/@indianmartialartstraining7974,ahirwarharishankar944@gmail.com,Action Time | हर फाइट जीतोगे! बस ये 1 तकनीक सीख लो 💥 | Street Fight Tips | दुश्मन कॉलर पकड़ ले तो 1 सेकंड में कैसे छुड़ाएं? 🥋 Road Fight Self Defence | Dushman Kick Mare To Kya Kare ? Fight Kaise Kare || Self Defence Techniques | Student Taekwondo Kick Training,Not Found,Not Available,Not Available,India (search region; audience location not verified),IN,YouTube Data API v3,https://www.youtube.com/@indianmartialartstraining7974,2026-09-30T23:14:14.830129+00:00,10,0,Indian strength training coach,Failed,content relevance: fewer than two recent public video titles clearly match fitness; engagement rate unavailable from public video metrics,Not generated: failed filter,,
Desi Fitness Coach,YouTube,28100,0.02,Fitness,https://www.youtube.com/@desifitnesscoach,ayubhasmi49@gmail.com,"FIRST AID TRAINING | 3 Days of Life-Saving Skills, CPR, Choking & Emergency Response | Amazing Exercise Game for Kids! 🔥 Try This in #school #exercise #pti | Incredible Rhythmic Yoga Performance | School Students | Must Watch! 🔥 | School assembly PT exercise | mass Drill program #pt #games #school | School Mass PT Exercise for Morning Assembly | Best PT Drill  #PT #SchoolDrill #MorningAssembly",Not Found,Not Available,Not Available,India (search region; audience location not verified),IN,YouTube Data API v3,https://www.youtube.com/@desifitnesscoach,2026-09-30T23:14:15.342801+00:00,10,9,Indian fitness coach,Passed,Passed all configured checks,Content-aware local fallback,"Hi Desi, I came across your channel and enjoyed the way you cover first aid training. Your practical fitness content could resonate with people looking for approachable ways to stay active. We're planning a creator partnership for a fitness product and would love to explore a short, clearly disclosed video showing how it fits into your routine. We can offer a paid collaboration and give you creative control over the format. Would you be open to discussing a brief and rates? Best, Partnerships Team","Hi Desi, I liked your video on first aid training. Would you be open to discussing a paid fitness collaboration?"
Pure Indian Yoga ,YouTube,528,0.85,Fitness,https://www.youtube.com/@pureindianyoga,Not Found,Pure Indian Yoga  is live | উড়ন্ত কন্যার জিমনাস্টিক  Amazing Gymnastics #gymnast | আপনার অজানা বহুসমস্যার অবাক সমাধান Naval dislocation Problems | #ytshorts #ytshortsindia #youtubeshort #odhisa s @Pureindianyoga | Pure Indian Yoga  is live,Not Found,Not Available,Not Available,India (search region; audience location not verified),IN,YouTube Data API v3,https://www.youtube.com/@pureindianyoga,2026-09-30T23:14:15.893909+00:00,10,10,Indian yoga instructor,Failed,"follower count outside 5,000-100,000 micro-influencer range",Not generated: failed filter,,
Indian Kombat Koach,YouTube,49200,78.95,Fitness,https://www.youtube.com/@indiankombatkoach,Not Found,"What to do and what not to do in front of knife… | Sometimes you need to deal with the situation differently | The injured guy of every MMA Gym | The Biggest MMA Gym in Assam is at Six mile, Guwahati. 20000 sq ft area covered. Contact: 9613925739 | Highlighting the choreography period of the Commandos performance, in the presence of @AmitShah",Not Found,Not Available,Not Available,India (search region; audience location not verified),IN,YouTube Data API v3,https://www.youtube.com/@indiankombatkoach,2026-09-30T23:14:16.886068+00:00,10,10,Indian strength training coach,Passed,Passed all configured checks,Content-aware local fallback,"Hi there, your video on what to do and what not to do in front of knife… stood out. We're planning a paid fitness partnership and think your practical approach could suit it well. We'd love to discuss a clearly disclosed short video, with creative control and a fee for your work. If you're interested, could you share your rates and availability? We can send a concise brief and product details before you decide. Thanks, Partnerships Team","Hi there, I liked your video on what to do and. Would you be open to discussing a paid fitness collaboration?"
TEAM INDIAN FITNESS ,YouTube,1950,0.29,Fitness,https://www.youtube.com/@indianfitness2017,Not Found,Gym renovation | TEAM INDIAN FITNESS | INDIAN FITNESS | INDIAN FITNESS | HAPPY 80th INDEPENDENCE DAY,Not Found,Not Available,Not Available,India (search region; audience location not verified),IN,YouTube Data API v3,https://www.youtube.com/@indianfitness2017,2026-09-30T23:14:18.023871+00:00,10,10,Indian fitness coach,Failed,"follower count outside 5,000-100,000 micro-influencer range",Not generated: failed filter,,
running coach,YouTube,0,Not Available,Fitness,https://www.youtube.com/@runningcoach2576,Not Found,Indian Army savantkpsmeerut | indian army running savantkpsmeerut,Not Found,Not Available,Not Available,India (search region; audience location not verified),Not Available,YouTube Data API v3,https://www.youtube.com/@runningcoach2576,2026-09-30T23:14:19.045584+00:00,2,2,Indian running coach,Failed,"content relevance: fewer than two recent public video titles clearly match fitness; follower count outside 5,000-100,000 micro-influencer range; engagement rate unavailable from public video metrics",Not generated: failed filter,,
Indian fitness guy ,YouTube,10100,0.07,Fitness,https://www.youtube.com/@indianfitnessguy,Not Found,"Top 4 Indian Foods To Gain Weight Faster 💪 | Peanut, Milk, Banana, Paneer & Rice | घी और दूध खाने के बाद भी उम्र के साथ शरीर कमजोर क्यों हो जाता है? age vs fitness | Whey Protein क्या है? 🤔 क्या ये सबके लिए Safe है | Fitness Trackers क्या हैं और क्या ये सही जानकारी देते हैं? 🤔 | Fitness Tracker का सच | HYROX क्या होता है? 🔥 | Fitness की नई Race को आसान भाषा में समझें",Not Found,Not Available,Not Available,India (search region; audience location not verified),IN,YouTube Data API v3,https://www.youtube.com/@indianfitnessguy,2026-09-30T23:14:19.821540+00:00,10,10,Indian fitness coach,Passed,Passed all configured checks,Content-aware local fallback,"Hi there, I came across your channel and enjoyed the way you cover top 4 indian foods to gain weight faster 💪. Your practical fitness content could resonate with people looking for approachable ways to stay active. We're planning a creator partnership for a fitness product and would love to explore a short, clearly disclosed video showing how it fits into your routine. We can offer a paid collaboration and give you creative control over the format. Would you be open to discussing a brief and rates? Best, Partnerships Team","Hi there, I liked your video on top 4 indian foods. Would you be open to discussing a paid fitness collaboration?"
Yoga with Sonali,YouTube,1480,0.23,Fitness,https://www.youtube.com/@yogawithsonali2024,Not Found,Yoga studio #yogaclass #yogaforall #yogalife #yogamusic  #viral #joinyogaclasses | Yoga for all #viralshort #motivation #yogaskills #forwardbending #viral | Yoga classes #viralshort #motivation #viralvideo  #yogaforeveryone | Yoga classes for all ❤️ #viralshort #yogapractice #yogaclasses | Independence Day Celebration #viralshort #motivation #joinus #yogapractice #yogaclasses,Not Found,Not Available,Not Available,India (search region; audience location not verified),IN,YouTube Data API v3,https://www.youtube.com/@yogawithsonali2024,2026-09-30T23:14:20.485204+00:00,10,10,Indian yoga instructor,Failed,"follower count outside 5,000-100,000 micro-influencer range",Not generated: failed filter,,
Indian yoga expert,YouTube,11,31.82,Fitness,https://www.youtube.com/@indianyogaexpert-tg6ww,Not Found,"Find yoga teachers in Delhi at Indian Yoga Expert | Online best yoga teachers in Gurugram at Indian Yoga Expert | Find yoga teachers in Noida at Indian Yoga Expert | Get the best yoga teachers for you using Indian Yoga Expert. | On Indian Yoga Expert, locate the finest yoga instructor for you.",Not Found,Not Available,Not Available,India (search region; audience location not verified),Not Available,YouTube Data API v3,https://www.youtube.com/@indianyogaexpert-tg6ww,2026-09-30T23:14:21.083664+00:00,8,8,Indian yoga instructor,Failed,"follower count outside 5,000-100,000 micro-influencer range",Not generated: failed filter,,
Akshay Rathod Fitness Coach,YouTube,1290,0.89,Fitness,https://www.youtube.com/@akshayrathodfitnesscoach,akshayrathodfitnesscoach@gmail.com,Geriatric training (or senior functional fitness) focuses on tailored physical exercises | “STOP! Don’t start your workout before doing this.” | Db RDL Before and After Form And Technique #gymmotivation #gym #rehabtips | Before and After Transformation #rehabtips #gym #gymmotivation | Har Baar Sach Bolo …#akshayrathodfitnesscoach #motivation #fitnessfreak,Not Found,Not Available,Not Available,India (search region; audience location not verified),IN,YouTube Data API v3,https://www.youtube.com/@akshayrathodfitnesscoach,2026-09-30T23:14:21.707534+00:00,10,10,Indian strength training coach,Failed,"follower count outside 5,000-100,000 micro-influencer range",Not generated: failed filter,,
FoodFitness&Fun,YouTube,1520000,0.03,Fitness,https://www.youtube.com/@foodfitnessfun,foodfitnessfun.official@gmail.com,15g Protein in One Roti | 100% Natural High Protein Atta for Muscle Building | Easy Protein Upgrade | 1 Cup at bedtime 100+ Benefits | Night Drink Recipe | Weight Loss | Hormonal Balance | Better Sleep | Vitamin B12 : Best Vegan Food for Deficiency | 100% Natural | New Research | NO Supplements | Masoor dal in a chocolate smoothie? Hear me out. 🍫 Protien smoothie | 7 High Protein Easy Veg Dinner or Lunch Recipes | 25g+ Protein Per Meal | Weight Loss | High Fibre,Not Found,Not Available,Not Available,India (search region; audience location not verified),IN,YouTube Data API v3,https://www.youtube.com/@foodfitnessfun,2026-09-30T23:14:22.805243+00:00,10,10,Indian fitness nutrition,Failed,"follower count outside 5,000-100,000 micro-influencer range",Not generated: failed filter,,
Saket Gokhale,YouTube,2190000,0.29,Fitness,https://www.youtube.com/@saketgokhalevlogs,Not Found,"2026 Mini-Vlog 5 | Ganesh Visarjan + Back | Back Day, Shopping With The Boys + India vs. Japan | Chest Day + Ganesh Chaturthi | 2026 Mini-Vlog 4 | Ganesh Chaturthi + Chest | for old time's sake",Not Found,Not Available,Not Available,India (search region; audience location not verified),IN,YouTube Data API v3,https://www.youtube.com/@saketgokhalevlogs,2026-09-30T23:14:23.440240+00:00,10,10,Indian home workout coach,Failed,"content relevance: fewer than two recent public video titles clearly match fitness; follower count outside 5,000-100,000 micro-influencer range",Not generated: failed filter,,
Amrish adhana ,YouTube,132000,0.06,Fitness,https://www.youtube.com/@amrishadhana,Not Found,800m time trial in our academy| | Time trial in our academy for 300M | 9th Athletics national series मैं win the gold medal 3000M/C Nikhal yadav in our academy| | Competition boys and girls in Olympian Capt Amrish sports academy panjokhra shamli up| | Circuit training session in our academy for best performance|,Not Found,Not Available,Not Available,India (search region; audience location not verified),IN,YouTube Data API v3,https://www.youtube.com/@amrishadhana,2026-09-30T23:14:24.026016+00:00,10,9,Indian running coach,Failed,"content relevance: fewer than two recent public video titles clearly match fitness; follower count outside 5,000-100,000 micro-influencer range",Not generated: failed filter,,
Nutrition ka Guru,YouTube,2580,0.47,Fitness,https://www.youtube.com/@nutritionkaguru,Not Found,Eat This at Sehri to Burn Fat All Day 🔥Sehri Foods That Keep You Full 14 Hours #shortsviral | Why You Feel Weak After Roza (And How to Fix It! Best Electrolyte Drinks for Iftar Energy ⚡ #shorts | Ramadan Weight Loss at Iftar | 5 Rules to Burn Fat & Avoid Bloating Stop Gaining Weight in Ramadan! | Stop Ignoring Your Thyroid – Eat This! Top 5 Foods for Hypothyroidism Support #thyroidism  #shorts | Top 5 High-Fiber Foods (Exact Servings) for Weight Loss & Gut Health #fiberdiet #short  #shorts,Not Found,Not Available,Not Available,India (search region; audience location not verified),IN,YouTube Data API v3,https://www.youtube.com/@nutritionkaguru,2026-09-30T23:14:24.536265+00:00,10,10,Indian fitness nutrition,Failed,"follower count outside 5,000-100,000 micro-influencer range",Not generated: failed filter,,
Major Khushboo Patani,YouTube,789000,2.18,Fitness,https://www.youtube.com/@majorkhushboopatani,majorkp7@gmail.com,"DAY10/14 SWEATY SOLDIER 50 CHALLENGE | Learn pushup for arm strength and increase confidence | DISCLAIMER: NO MATTER REAL GUN OR NOT A REAL GUN , USE IT RESPONSIBLY AND ONLY FOR SELF DEFENCE | Addiyan coming soon on 3 Oct 2026 | ADDIYAN | COMING SOON | 3 OCT 2026 #punjabisong #lovesong #punjabi #punjabimusic",http://www.sweatysoldier.com/programs/,Not Available,Not Available,India (search region; audience location not verified),IN,YouTube Data API v3,https://www.youtube.com/@majorkhushboopatani,2026-09-30T23:14:25.160330+00:00,10,10,Indian home workout coach,Failed,"content relevance: fewer than two recent public video titles clearly match fitness; follower count outside 5,000-100,000 micro-influencer range",Not generated: failed filter,,
Indian Nutrition & Fitness,YouTube,108,20.37,Fitness,https://www.youtube.com/@indiannutritionfitness8453,Not Found,Quick Home 6 ABS & Belly Fats Loss workout | Indian Fitness Motivation | Indian Girls Fitness Motivation | Indian Girls Gym |,Not Found,Not Available,Not Available,India (search region; audience location not verified),Not Available,YouTube Data API v3,https://www.youtube.com/@indiannutritionfitness8453,2026-09-30T23:14:25.668704+00:00,2,2,Indian fitness nutrition,Failed,"follower count outside 5,000-100,000 micro-influencer range",Not generated: failed filter,,
Truptii Fit india mission🇮🇳,YouTube,7,59.18,Fitness,https://www.youtube.com/@shivaazumba,Not Found,"Don’t Just Get Slim, Get Strong! 💪 | Fit women+ fit family = Fit india🇮🇳 | fit women fit india 1 hour for your self♥️ | 1 hour for yourself.❤️Fit womenFIT INDIA 🇮🇳 | Fit women 💪Fit india🇮🇳",Not Found,Not Available,Not Available,India (search region; audience location not verified),Not Available,YouTube Data API v3,https://www.youtube.com/@shivaazumba,2026-09-30T23:14:26.161744+00:00,7,7,Indian home workout coach,Failed,"follower count outside 5,000-100,000 micro-influencer range",Not generated: failed filter,,
YogeshFitness1,YouTube,4470,2.23,Fitness,https://www.youtube.com/@yogeshfitness1,Not Found,"Crunches are not the only exercise for core‼️Doing the same exercise every day expecting fat loss? | Core Exercises‼️ TRX Core exercises you must perform to achieve shredded,small waist #yogeshfitness | Weekend Fitness Motivation #sonusood #yogeshfitness #personaltrainer | Cancer‼️ Avoid using these boxes ☠️ don’t reuse & reheat food in it ‼️ avoid plastic #yogeshfitness | Explosive Push ups with L Hold | Try it Guyz it’s not Tough 😉 #yogeshfitness #fitness #coach",https://www.yogeshfitness.in/,Not Available,Not Available,India (search region; audience location not verified),IN,YouTube Data API v3,https://www.youtube.com/@yogeshfitness1,2026-09-30T23:14:26.793317+00:00,10,10,Indian strength training coach,Failed,"follower count outside 5,000-100,000 micro-influencer range",Not generated: failed filter,,
Ravi Yoga,YouTube,1010,2.47,Fitness,https://www.youtube.com/@raviyoga_goa,Not Found,5-minute Energising Yoga | Dynamic Breathing | with Ravi Yoga | Yoga for Menstrual Pain & Cramps | Period Pain | Moon Cycle | Yoga is life  #dance #yogateacher #pranayama #motivation #life #yoga | Improving Flexibility - Part 2 | Yoga with Ravi Dixit | Improving Flexibility | Yoga alignment with Ravi Dixit,Not Found,Not Available,Not Available,India (search region; audience location not verified),GB,YouTube Data API v3,https://www.youtube.com/@raviyoga_goa,2026-09-30T23:14:27.317255+00:00,10,10,Indian yoga instructor,Failed,"channel country is GB, outside India focus; follower count outside 5,000-100,000 micro-influencer range",Not generated: failed filter,,
Satyanjay | The Fitness Coach,YouTube,203,3.3,Fitness,https://www.youtube.com/@coachsatyanjay,Not Found,"HYROX Transformation | 3 Months Fat Loss to HYROX Mumbai Finish | Test your strength with NSCA guidelines #fitness #nsca #cscs #mumbai #vlog #iamaestheticallyfit | Strength Testing My Client (CSCS / NSCA Method)— Squat, Bench, Deadlift | Fitness Coach | Vlog #019 | Met India's first shaolin warrior monk in this vlog! #shaolin #yoga #mandala   #iamaestheticallyfit | Met India's First Shaolin Warrior Monk | Yoga & Art Workshop at Juhu | Client Milestones | Vlog #018",Not Found,Not Available,Not Available,India (search region; audience location not verified),IN,YouTube Data API v3,https://www.youtube.com/@coachsatyanjay,2026-09-30T23:14:27.875204+00:00,10,10,Indian fitness coach,Failed,"follower count outside 5,000-100,000 micro-influencer range",Not generated: failed filter,,
